USE total_gamer;

-- ----------------------- Insercion de Datos ----------------------------

-- ----------------------- Tabla Locales ---------------------------------
INSERT INTO locales(LOCAL_ID, DIR_LOC, CIUDAD_LOC, LOCAL_TEL, CP) VALUES (1, 'Lavalleja 1500', 'Buenos Aires', '3412515784', 1414);
INSERT INTO locales(LOCAL_ID, DIR_LOC, CIUDAD_LOC, LOCAL_TEL, CP) VALUES (2, 'Artigas 390', 'Rosario', '3412487846', 2000);
INSERT INTO locales(LOCAL_ID, DIR_LOC, CIUDAD_LOC, LOCAL_TEL, CP) VALUES (3, 'Rojas 1200', 'Santa Fe', '3412555844', 2013);
INSERT INTO locales(LOCAL_ID, DIR_LOC, CIUDAD_LOC, LOCAL_TEL, CP) VALUES (4, 'Bogado 2000', 'Cordoba', '3412656841', 5011);
INSERT INTO locales(LOCAL_ID, DIR_LOC, CIUDAD_LOC, LOCAL_TEL, CP) VALUES (5, 'Galicia 1250', 'Mendoza', '3416598494', 5539);


-- ----------------------- Tabla Proveedores -----------------------------
INSERT INTO proveedores(PROV_ID, LOCAL_ID, NOMBRE_PROV, DIR_PROV, TEL_PROV, CIUDAD_PROV, MAIL_PROV) VALUES (1, 1, 'Todo Componentes', 'Guemes 1520', 3412658491, 'Buenos Aires', 'todocomponentes@gmail.com');
INSERT INTO proveedores(PROV_ID, LOCAL_ID, NOMBRE_PROV, DIR_PROV, TEL_PROV, CIUDAD_PROV, MAIL_PROV) VALUES (2, 1, 'Mayorista Electronica', 'Suarez 500', 3416655998, 'Rosario', 'mayoristaelec@gmail.com');
INSERT INTO proveedores(PROV_ID, LOCAL_ID, NOMBRE_PROV, DIR_PROV, TEL_PROV, CIUDAD_PROV, MAIL_PROV) VALUES (3, 1, 'HardStore Computacion', 'California 2311', 3412659481, 'Cordoba', 'hardstore@gmail.com');
INSERT INTO proveedores(PROV_ID, LOCAL_ID, NOMBRE_PROV, DIR_PROV, TEL_PROV, CIUDAD_PROV, MAIL_PROV) VALUES (4, 1, 'ElectroMarket', 'Pavon 1356', 3412658461, 'Buenos Aires', 'electromarket@gmail.com');
INSERT INTO proveedores(PROV_ID, LOCAL_ID, NOMBRE_PROV, DIR_PROV, TEL_PROV, CIUDAD_PROV, MAIL_PROV) VALUES (5, 1, 'FreakStore', 'Artigas 380', 3412228451, 'Buenos Aires', 'freakstore@gmail.com');
INSERT INTO proveedores(PROV_ID, LOCAL_ID, NOMBRE_PROV, DIR_PROV, TEL_PROV, CIUDAD_PROV, MAIL_PROV) VALUES (6, 1, 'FullHard', 'San Martin 260', 3410058165, 'Mendoza', 'fullhard@gmail.com');


-- ----------------------- Tabla Cargos ----------------------------------
INSERT INTO cargos(CARGO_ID, CARGO_EMPLEADO) VALUES (3, 'Atencion');
INSERT INTO cargos(CARGO_ID, CARGO_EMPLEADO) VALUES (2, 'Capataz');
INSERT INTO cargos(CARGO_ID, CARGO_EMPLEADO) VALUES (5, 'Contador');
INSERT INTO cargos(CARGO_ID, CARGO_EMPLEADO) VALUES (6, 'Flete');
INSERT INTO cargos(CARGO_ID, CARGO_EMPLEADO) VALUES (4, 'Stock');
INSERT INTO cargos(CARGO_ID, CARGO_EMPLEADO) VALUES (1, 'Venta');


-- ----------------------- Tabla Empleados -------------------------------
INSERT INTO empleados(EMPLEADO_ID, LOCAL_ID, CARGO_ID, NOMBRE_EMP, APELLIDO_EMP, DNI, TEL_EMP, FECHA_INGRESO) VALUES (1, 1, 1, 'Juan Jose', 'Dominguez', 31259481, 3412654857, '2020-05-06');
INSERT INTO empleados(EMPLEADO_ID, LOCAL_ID, CARGO_ID, NOMBRE_EMP, APELLIDO_EMP, DNI, TEL_EMP, FECHA_INGRESO) VALUES (2, 1, 1, 'Carolina', 'Perez', 33658491, 3412654974, '2020-05-15');
INSERT INTO empleados(EMPLEADO_ID, LOCAL_ID, CARGO_ID, NOMBRE_EMP, APELLIDO_EMP, DNI, TEL_EMP, FECHA_INGRESO) VALUES (3, 1, 2, 'Valeria', 'Garcia', 28154976, 3412654870, '2020-08-26');
INSERT INTO empleados(EMPLEADO_ID, LOCAL_ID, CARGO_ID, NOMBRE_EMP, APELLIDO_EMP, DNI, TEL_EMP, FECHA_INGRESO) VALUES (4, 1, 3, 'Silvia', 'Ovando', 18254695, 3412265849, '2020-10-28');
INSERT INTO empleados(EMPLEADO_ID, LOCAL_ID, CARGO_ID, NOMBRE_EMP, APELLIDO_EMP, DNI, TEL_EMP, FECHA_INGRESO) VALUES (5, 1, 4, 'Oscar', 'Bonardi', 37581264, 3412514487, '2020-07-30');
INSERT INTO empleados(EMPLEADO_ID, LOCAL_ID, CARGO_ID, NOMBRE_EMP, APELLIDO_EMP, DNI, TEL_EMP, FECHA_INGRESO) VALUES (6, 1, 4, 'Raul', 'Gomez', 39254861, 3416564984, '2021-01-07');
INSERT INTO empleados(EMPLEADO_ID, LOCAL_ID, CARGO_ID, NOMBRE_EMP, APELLIDO_EMP, DNI, TEL_EMP, FECHA_INGRESO) VALUES (7, 1, 5, 'Jeremias', 'Zambrano', 17254869, 3412664874, '2021-05-05');
INSERT INTO empleados(EMPLEADO_ID, LOCAL_ID, CARGO_ID, NOMBRE_EMP, APELLIDO_EMP, DNI, TEL_EMP, FECHA_INGRESO) VALUES (8, 1, 6, 'Federico', 'Silva', 19584236, 3417564841, '2021-03-07');
INSERT INTO empleados(EMPLEADO_ID, LOCAL_ID, CARGO_ID, NOMBRE_EMP, APELLIDO_EMP, DNI, TEL_EMP, FECHA_INGRESO) VALUES (9, 2, 1, 'Agustin', 'Benitez', 15624851, 3413264894, '2020-03-13');
INSERT INTO empleados(EMPLEADO_ID, LOCAL_ID, CARGO_ID, NOMBRE_EMP, APELLIDO_EMP, DNI, TEL_EMP, FECHA_INGRESO) VALUES (10, 2, 1, 'Roberto', 'Garcia', 26584159, 3412648970, '2020-05-16');
INSERT INTO empleados(EMPLEADO_ID, LOCAL_ID, CARGO_ID, NOMBRE_EMP, APELLIDO_EMP, DNI, TEL_EMP, FECHA_INGRESO) VALUES (11, 2, 2, 'Matias', 'Perez', 28451684, 3412221574, '2020-05-21');
INSERT INTO empleados(EMPLEADO_ID, LOCAL_ID, CARGO_ID, NOMBRE_EMP, APELLIDO_EMP, DNI, TEL_EMP, FECHA_INGRESO) VALUES (12, 3, 1, 'Delfina', 'Zambrano', 30217548, 3412659784, '2020-05-27');
INSERT INTO empleados(EMPLEADO_ID, LOCAL_ID, CARGO_ID, NOMBRE_EMP, APELLIDO_EMP, DNI, TEL_EMP, FECHA_INGRESO) VALUES (13, 3, 1, 'Sofia', 'Torres', 33265148, 3411547847, '2020-09-29');
INSERT INTO empleados(EMPLEADO_ID, LOCAL_ID, CARGO_ID, NOMBRE_EMP, APELLIDO_EMP, DNI, TEL_EMP, FECHA_INGRESO) VALUES (14, 3, 2, 'Sebastian', 'Lopez', 28514264, 3411548794, '2020-09-24');
INSERT INTO empleados(EMPLEADO_ID, LOCAL_ID, CARGO_ID, NOMBRE_EMP, APELLIDO_EMP, DNI, TEL_EMP, FECHA_INGRESO) VALUES (15, 4, 1, 'Lautaro', 'Sanchez', 29854615, 3411148740, '2020-09-18');
INSERT INTO empleados(EMPLEADO_ID, LOCAL_ID, CARGO_ID, NOMBRE_EMP, APELLIDO_EMP, DNI, TEL_EMP, FECHA_INGRESO) VALUES (16, 4, 1, 'Lionel', 'Ramirez', 33225568, 3418898745, '2021-04-09');
INSERT INTO empleados(EMPLEADO_ID, LOCAL_ID, CARGO_ID, NOMBRE_EMP, APELLIDO_EMP, DNI, TEL_EMP, FECHA_INGRESO) VALUES (17, 4, 2, 'Pedro', 'Rojas', 39251475, 3416668782, '2021-09-09');
INSERT INTO empleados(EMPLEADO_ID, LOCAL_ID, CARGO_ID, NOMBRE_EMP, APELLIDO_EMP, DNI, TEL_EMP, FECHA_INGRESO) VALUES (18, 5, 1, 'Santiago', 'Flores', 22514694, 3413255474, '2020-06-19');
INSERT INTO empleados(EMPLEADO_ID, LOCAL_ID, CARGO_ID, NOMBRE_EMP, APELLIDO_EMP, DNI, TEL_EMP, FECHA_INGRESO) VALUES (19, 5, 1, 'Lucia', 'Soto', 36658421, 3412157474, '2021-01-18');
INSERT INTO empleados(EMPLEADO_ID, LOCAL_ID, CARGO_ID, NOMBRE_EMP, APELLIDO_EMP, DNI, TEL_EMP, FECHA_INGRESO) VALUES (20, 5, 2, 'Rodolfo', 'Andrade', 39552184, 3411789400, '2022-02-04');


-- ----------------------- Tabla Clientes --------------------------------
INSERT INTO clientes(CLIENTE_ID, LOCAL_ID, NOMBRE_CLIENTE, APELLIDO_CLIENTE, TEL_CLIENTE, MAIL_CLIENTE) VALUES (1, 1, 'Pedro', 'Sanchez', 3412568594, 'pedrosanchez@gmail.com');
INSERT INTO clientes(CLIENTE_ID, LOCAL_ID, NOMBRE_CLIENTE, APELLIDO_CLIENTE, TEL_CLIENTE, MAIL_CLIENTE) VALUES (2, 1, 'Maria', 'Garcia', 3415484854, 'maria2garcia@gmail.com');
INSERT INTO clientes(CLIENTE_ID, LOCAL_ID, NOMBRE_CLIENTE, APELLIDO_CLIENTE, TEL_CLIENTE, MAIL_CLIENTE) VALUES (3, 1, 'Roberto', 'Perez', 3411574321, 'robertitoperez@gmail.com');
INSERT INTO clientes(CLIENTE_ID, LOCAL_ID, NOMBRE_CLIENTE, APELLIDO_CLIENTE, TEL_CLIENTE, MAIL_CLIENTE) VALUES (4, 4, 'Valeria', 'Rodriguez', 3412548418, 'V4leriaRod@gmail.com');
INSERT INTO clientes(CLIENTE_ID, LOCAL_ID, NOMBRE_CLIENTE, APELLIDO_CLIENTE, TEL_CLIENTE, MAIL_CLIENTE) VALUES (5, 5, 'Lucia', 'Ortiz', 3415487461, 'lulyorti@gmail.com');
INSERT INTO clientes(CLIENTE_ID, LOCAL_ID, NOMBRE_CLIENTE, APELLIDO_CLIENTE, TEL_CLIENTE, MAIL_CLIENTE) VALUES (6, 3, 'Santiago', 'Lopez', 3418846545, 'santilopezz@gmail.com');
INSERT INTO clientes(CLIENTE_ID, LOCAL_ID, NOMBRE_CLIENTE, APELLIDO_CLIENTE, TEL_CLIENTE, MAIL_CLIENTE) VALUES (7, 3, 'Agustin', 'Espinosa', 3415984617, 'agustinoespina@gmail.com');
INSERT INTO clientes(CLIENTE_ID, LOCAL_ID, NOMBRE_CLIENTE, APELLIDO_CLIENTE, TEL_CLIENTE, MAIL_CLIENTE) VALUES (8, 5, 'Ivan', 'Ruiz', 3415487434, 'ivancitoruiz@gmail.com');
INSERT INTO clientes(CLIENTE_ID, LOCAL_ID, NOMBRE_CLIENTE, APELLIDO_CLIENTE, TEL_CLIENTE, MAIL_CLIENTE) VALUES (9, 4, 'Gerardo', 'Gonzalez', 3415487464, 'geradgon@gmail.com');
INSERT INTO clientes(CLIENTE_ID, LOCAL_ID, NOMBRE_CLIENTE, APELLIDO_CLIENTE, TEL_CLIENTE, MAIL_CLIENTE) VALUES (10, 4, 'Ivan', 'Alvarez', 3415487544, 'ivanrez@gmail.com');


-- ----------------------- Tabla Historiales -----------------------------
INSERT INTO historiales(HISTORIAL_ID, CLIENTE_ID, FECHA_HIST, MONTO_HIST, CANT_HIST) VALUES (1, 1, '2022-04-15', 15260.00, 2);
INSERT INTO historiales(HISTORIAL_ID, CLIENTE_ID, FECHA_HIST, MONTO_HIST, CANT_HIST) VALUES (2, 2, '2022-04-15', 30200.00, 3);
INSERT INTO historiales(HISTORIAL_ID, CLIENTE_ID, FECHA_HIST, MONTO_HIST, CANT_HIST) VALUES (3, 6, '2022-04-15', 25000.00, 6);
INSERT INTO historiales(HISTORIAL_ID, CLIENTE_ID, FECHA_HIST, MONTO_HIST, CANT_HIST) VALUES (4, 5, '2022-04-16', 2300.00, 1);
INSERT INTO historiales(HISTORIAL_ID, CLIENTE_ID, FECHA_HIST, MONTO_HIST, CANT_HIST) VALUES (5, 7, '2022-04-16', 6250.00, 2);
INSERT INTO historiales(HISTORIAL_ID, CLIENTE_ID, FECHA_HIST, MONTO_HIST, CANT_HIST) VALUES (6, 6, '2022-04-25', 1520.00, 5);
INSERT INTO historiales(HISTORIAL_ID, CLIENTE_ID, FECHA_HIST, MONTO_HIST, CANT_HIST) VALUES (7, 9, '2022-04-25', 6658.00, 9);
INSERT INTO historiales(HISTORIAL_ID, CLIENTE_ID, FECHA_HIST, MONTO_HIST, CANT_HIST) VALUES (8, 10, '2022-05-05', 6565.00, 5);
INSERT INTO historiales(HISTORIAL_ID, CLIENTE_ID, FECHA_HIST, MONTO_HIST, CANT_HIST) VALUES (9, 5, '2022-05-05', 12158.00, 3);
INSERT INTO historiales(HISTORIAL_ID, CLIENTE_ID, FECHA_HIST, MONTO_HIST, CANT_HIST) VALUES (10, 8, '2022-05-07', 1754.00, 2);
INSERT INTO historiales(HISTORIAL_ID, CLIENTE_ID, FECHA_HIST, MONTO_HIST, CANT_HIST) VALUES (11, 10, '2022-05-12', 19852.00, 5);
INSERT INTO historiales(HISTORIAL_ID, CLIENTE_ID, FECHA_HIST, MONTO_HIST, CANT_HIST) VALUES (12, 3, '2022-05-12', 16520.00, 8);
INSERT INTO historiales(HISTORIAL_ID, CLIENTE_ID, FECHA_HIST, MONTO_HIST, CANT_HIST) VALUES (13, 2, '2022-05-12', 17420.00, 7);
INSERT INTO historiales(HISTORIAL_ID, CLIENTE_ID, FECHA_HIST, MONTO_HIST, CANT_HIST) VALUES (14, 5, '2022-05-12', 3521.00, 4);
INSERT INTO historiales(HISTORIAL_ID, CLIENTE_ID, FECHA_HIST, MONTO_HIST, CANT_HIST) VALUES (15, 8, '2022-05-12', 1952.00, 2);
INSERT INTO historiales(HISTORIAL_ID, CLIENTE_ID, FECHA_HIST, MONTO_HIST, CANT_HIST) VALUES (16, 7, '2022-05-15', 8422.00, 1);
INSERT INTO historiales(HISTORIAL_ID, CLIENTE_ID, FECHA_HIST, MONTO_HIST, CANT_HIST) VALUES (17, 9, '2022-05-18', 6594.00, 1);
INSERT INTO historiales(HISTORIAL_ID, CLIENTE_ID, FECHA_HIST, MONTO_HIST, CANT_HIST) VALUES (18, 3, '2022-05-19', 15874.00, 5);
INSERT INTO historiales(HISTORIAL_ID, CLIENTE_ID, FECHA_HIST, MONTO_HIST, CANT_HIST) VALUES (19, 6, '2022-05-23', 15458.00, 2);
INSERT INTO historiales(HISTORIAL_ID, CLIENTE_ID, FECHA_HIST, MONTO_HIST, CANT_HIST) VALUES (20, 5, '2022-05-23', 56320.00, 6);
INSERT INTO historiales(HISTORIAL_ID, CLIENTE_ID, FECHA_HIST, MONTO_HIST, CANT_HIST) VALUES (21, 9, '2022-05-29', 95842.00, 3);
INSERT INTO historiales(HISTORIAL_ID, CLIENTE_ID, FECHA_HIST, MONTO_HIST, CANT_HIST) VALUES (22, 4, '2022-05-29', 5484.00, 2);
INSERT INTO historiales(HISTORIAL_ID, CLIENTE_ID, FECHA_HIST, MONTO_HIST, CANT_HIST) VALUES (23, 8, '2022-05-29', 21546.00, 5);
INSERT INTO historiales(HISTORIAL_ID, CLIENTE_ID, FECHA_HIST, MONTO_HIST, CANT_HIST) VALUES (24, 8, '2022-05-30', 98465.00, 9);
INSERT INTO historiales(HISTORIAL_ID, CLIENTE_ID, FECHA_HIST, MONTO_HIST, CANT_HIST) VALUES (25, 2, '2022-05-30', 1256.00, 2);


-- ----------------------- Tabla Categorias ------------------------------
INSERT INTO categorias(CATEGORIA_ID, NOMBRE_CAT) VALUES (3, 'Almacenamiento');
INSERT INTO categorias(CATEGORIA_ID, NOMBRE_CAT) VALUES (7, 'Fuentes');
INSERT INTO categorias(CATEGORIA_ID, NOMBRE_CAT) VALUES (6, 'Gabinetes');
INSERT INTO categorias(CATEGORIA_ID, NOMBRE_CAT) VALUES (4, 'Memoria Ram');
INSERT INTO categorias(CATEGORIA_ID, NOMBRE_CAT) VALUES (9, 'Monitores');
INSERT INTO categorias(CATEGORIA_ID, NOMBRE_CAT) VALUES (1, 'Motherboards');
INSERT INTO categorias(CATEGORIA_ID, NOMBRE_CAT) VALUES (10, 'Perifericos');
INSERT INTO categorias(CATEGORIA_ID, NOMBRE_CAT) VALUES (5, 'Placas de Video');
INSERT INTO categorias(CATEGORIA_ID, NOMBRE_CAT) VALUES (2, 'Procesadores');
INSERT INTO categorias(CATEGORIA_ID, NOMBRE_CAT) VALUES (8, 'Refrigeracion');


-- ----------------------- Tabla Productos -------------------------------
INSERT INTO productos(PRODUCTO_ID, CATEGORIA_ID, PRECIO_PROD, NOMBRE_PROD) VALUES (1, 1, 9800.00, 'Motherboard B450 PRO-M2 MAX AM4');
INSERT INTO productos(PRODUCTO_ID, CATEGORIA_ID, PRECIO_PROD, NOMBRE_PROD) VALUES (2, 1, 13000.00, 'Motherboard ASRock A520M-HVS AMD AM4');
INSERT INTO productos(PRODUCTO_ID, CATEGORIA_ID, PRECIO_PROD, NOMBRE_PROD) VALUES (3, 1, 50000.00, 'Motherboard Gygabyte B660 AORUS');
INSERT INTO productos(PRODUCTO_ID, CATEGORIA_ID, PRECIO_PROD, NOMBRE_PROD) VALUES (4, 1, 30000.00, 'Motherboard Gigabyte B550M AORUS PRO AX AM4');
INSERT INTO productos(PRODUCTO_ID, CATEGORIA_ID, PRECIO_PROD, NOMBRE_PROD) VALUES (5, 2, 6900.00, 'Micro Intel Celeron G5905 3.5GHz');
INSERT INTO productos(PRODUCTO_ID, CATEGORIA_ID, PRECIO_PROD, NOMBRE_PROD) VALUES (6, 2, 12000.00, 'Micro I3 10100F 4.3GHz');
INSERT INTO productos(PRODUCTO_ID, CATEGORIA_ID, PRECIO_PROD, NOMBRE_PROD) VALUES (7, 2, 25900.00, 'Micro I5 9400 4.1GHz');
INSERT INTO productos(PRODUCTO_ID, CATEGORIA_ID, PRECIO_PROD, NOMBRE_PROD) VALUES (8, 3, 2900.00, 'SSD 120GB');
INSERT INTO productos(PRODUCTO_ID, CATEGORIA_ID, PRECIO_PROD, NOMBRE_PROD) VALUES (9, 3, 4200.00, 'SSD 240GB');
INSERT INTO productos(PRODUCTO_ID, CATEGORIA_ID, PRECIO_PROD, NOMBRE_PROD) VALUES (10, 3, 7900.00, 'SSD 480GB');
INSERT INTO productos(PRODUCTO_ID, CATEGORIA_ID, PRECIO_PROD, NOMBRE_PROD) VALUES (11, 4, 6000.00, 'DDR4 8GB 2400MHz');
INSERT INTO productos(PRODUCTO_ID, CATEGORIA_ID, PRECIO_PROD, NOMBRE_PROD) VALUES (12, 4, 11200.00, 'DDR4 16GB 3200MHz');
INSERT INTO productos(PRODUCTO_ID, CATEGORIA_ID, PRECIO_PROD, NOMBRE_PROD) VALUES (13, 5, 95000.00, 'Nvidia RTX 3060 12GB');
INSERT INTO productos(PRODUCTO_ID, CATEGORIA_ID, PRECIO_PROD, NOMBRE_PROD) VALUES (14, 5, 136000.00, 'Nvidia RTX 3070 8GB');
INSERT INTO productos(PRODUCTO_ID, CATEGORIA_ID, PRECIO_PROD, NOMBRE_PROD) VALUES (15, 5, 195000.00, 'Nvidia RTX 3080 10GB');
INSERT INTO productos(PRODUCTO_ID, CATEGORIA_ID, PRECIO_PROD, NOMBRE_PROD) VALUES (16, 7, 7300.00, 'CoolerMaster 500W');
INSERT INTO productos(PRODUCTO_ID, CATEGORIA_ID, PRECIO_PROD, NOMBRE_PROD) VALUES (17, 7, 18000.00, 'CoolerMaster 750W');
INSERT INTO productos(PRODUCTO_ID, CATEGORIA_ID, PRECIO_PROD, NOMBRE_PROD) VALUES (18, 9, 1000.00, 'Pasta Termica');
INSERT INTO productos(PRODUCTO_ID, CATEGORIA_ID, PRECIO_PROD, NOMBRE_PROD) VALUES (19, 8, 2700.00, 'FAN 120MM');
INSERT INTO productos(PRODUCTO_ID, CATEGORIA_ID, PRECIO_PROD, NOMBRE_PROD) VALUES (20, 8, 6800.00, 'HYPER 212 SPECTRUM');
INSERT INTO productos(PRODUCTO_ID, CATEGORIA_ID, PRECIO_PROD, NOMBRE_PROD) VALUES (21, 10, 4800.00, 'Mouse Corsair M55 PRO');
INSERT INTO productos(PRODUCTO_ID, CATEGORIA_ID, PRECIO_PROD, NOMBRE_PROD) VALUES (22, 10, 5000.00, 'Mouse PAD Cooler Master');
INSERT INTO productos(PRODUCTO_ID, CATEGORIA_ID, PRECIO_PROD, NOMBRE_PROD) VALUES (23, 10, 4100.00, 'Teclado MK110');
INSERT INTO productos(PRODUCTO_ID, CATEGORIA_ID, PRECIO_PROD, NOMBRE_PROD) VALUES (24, 9, 60000.00, 'Monitor 27 AOC G2790VX 144HZ');
INSERT INTO productos(PRODUCTO_ID, CATEGORIA_ID, PRECIO_PROD, NOMBRE_PROD) VALUES (25, 9, 67000.00, 'Monitor 24 Viewsonic Elite XG240R 144HZ');
INSERT INTO productos(PRODUCTO_ID, CATEGORIA_ID, PRECIO_PROD, NOMBRE_PROD) VALUES (26, 9, 110000.00, 'Monitor 25 Viewsonic XG2530 240HZ');
INSERT INTO productos(PRODUCTO_ID, CATEGORIA_ID, PRECIO_PROD, NOMBRE_PROD) VALUES (27, 6, 11000.00, 'Gabinete AeroCool Cronus V1 Black ARGB');
INSERT INTO productos(PRODUCTO_ID, CATEGORIA_ID, PRECIO_PROD, NOMBRE_PROD) VALUES (28, 6, 33000.00, 'Gabinete Cooler Master Mastercase H500M ');
INSERT INTO productos(PRODUCTO_ID, CATEGORIA_ID, PRECIO_PROD, NOMBRE_PROD) VALUES (29, 9, 110000.00, 'Monitor 27 Viewsonic XG270 240HZ');
INSERT INTO productos(PRODUCTO_ID, CATEGORIA_ID, PRECIO_PROD, NOMBRE_PROD) VALUES (30, 9, 114000.00, 'Monitor 27 Viewsonic XG270QC 165HZ');

-- ----------------------- Tabla Compras ---------------------------------
INSERT INTO compras(COMPRA_ID, CLIENTE_ID, FECHA_COMPRA) VALUES (1, 5, '2022-02-01');
INSERT INTO compras(COMPRA_ID, CLIENTE_ID, FECHA_COMPRA) VALUES (2, 9, '2022-02-12');
INSERT INTO compras(COMPRA_ID, CLIENTE_ID, FECHA_COMPRA) VALUES (3, 4, '2022-02-15');
INSERT INTO compras(COMPRA_ID, CLIENTE_ID, FECHA_COMPRA) VALUES (4, 5, '2022-02-16');
INSERT INTO compras(COMPRA_ID, CLIENTE_ID, FECHA_COMPRA) VALUES (5, 2, '2022-02-16');
INSERT INTO compras(COMPRA_ID, CLIENTE_ID, FECHA_COMPRA) VALUES (6, 1, '2022-02-18');
INSERT INTO compras(COMPRA_ID, CLIENTE_ID, FECHA_COMPRA) VALUES (7, 3, '2022-02-19');
INSERT INTO compras(COMPRA_ID, CLIENTE_ID, FECHA_COMPRA) VALUES (8, 5, '2022-02-25');
INSERT INTO compras(COMPRA_ID, CLIENTE_ID, FECHA_COMPRA) VALUES (9, 4, '2022-03-02');
INSERT INTO compras(COMPRA_ID, CLIENTE_ID, FECHA_COMPRA) VALUES (10, 7, '2022-03-05');
INSERT INTO compras(COMPRA_ID, CLIENTE_ID, FECHA_COMPRA) VALUES (11, 8, '2022-03-08');
INSERT INTO compras(COMPRA_ID, CLIENTE_ID, FECHA_COMPRA) VALUES (12, 6, '2022-03-15');
INSERT INTO compras(COMPRA_ID, CLIENTE_ID, FECHA_COMPRA) VALUES (13, 5, '2022-03-16');
INSERT INTO compras(COMPRA_ID, CLIENTE_ID, FECHA_COMPRA) VALUES (14, 9, '2022-03-19');
INSERT INTO compras(COMPRA_ID, CLIENTE_ID, FECHA_COMPRA) VALUES (15, 10, '2022-03-21');
INSERT INTO compras(COMPRA_ID, CLIENTE_ID, FECHA_COMPRA) VALUES (16, 2, '2022-03-25');
INSERT INTO compras(COMPRA_ID, CLIENTE_ID, FECHA_COMPRA) VALUES (17, 4, '2022-03-29');
INSERT INTO compras(COMPRA_ID, CLIENTE_ID, FECHA_COMPRA) VALUES (18, 7, '2022-04-04');
INSERT INTO compras(COMPRA_ID, CLIENTE_ID, FECHA_COMPRA) VALUES (19, 8, '2022-04-05');
INSERT INTO compras(COMPRA_ID, CLIENTE_ID, FECHA_COMPRA) VALUES (20, 6, '2022-04-09');
INSERT INTO compras(COMPRA_ID, CLIENTE_ID, FECHA_COMPRA) VALUES (21, 9, '2022-04-12');
INSERT INTO compras(COMPRA_ID, CLIENTE_ID, FECHA_COMPRA) VALUES (22, 9, '2022-04-16');
INSERT INTO compras(COMPRA_ID, CLIENTE_ID, FECHA_COMPRA) VALUES (23, 5, '2022-04-18');
INSERT INTO compras(COMPRA_ID, CLIENTE_ID, FECHA_COMPRA) VALUES (24, 3, '2022-04-19');
INSERT INTO compras(COMPRA_ID, CLIENTE_ID, FECHA_COMPRA) VALUES (25, 2, '2022-04-21');
INSERT INTO compras(COMPRA_ID, CLIENTE_ID, FECHA_COMPRA) VALUES (26, 6, '2022-04-25');
INSERT INTO compras(COMPRA_ID, CLIENTE_ID, FECHA_COMPRA) VALUES (27, 5, '2022-04-28');
INSERT INTO compras(COMPRA_ID, CLIENTE_ID, FECHA_COMPRA) VALUES (28, 1, '2022-05-05');
INSERT INTO compras(COMPRA_ID, CLIENTE_ID, FECHA_COMPRA) VALUES (29, 2, '2022-05-06');
INSERT INTO compras(COMPRA_ID, CLIENTE_ID, FECHA_COMPRA) VALUES (30, 5, '2022-05-10');


-- ----------------------- Tabla DetallesCompras -------------------------
INSERT INTO detallescompras(DETALLE_ID, COMPRA_ID, PRODUCTO_ID, CANTIDAD) VALUES (1, 1, 5, 1);
INSERT INTO detallescompras(DETALLE_ID, COMPRA_ID, PRODUCTO_ID, CANTIDAD) VALUES (2, 1, 15, 2);
INSERT INTO detallescompras(DETALLE_ID, COMPRA_ID, PRODUCTO_ID, CANTIDAD) VALUES (3, 1, 19, 1);
INSERT INTO detallescompras(DETALLE_ID, COMPRA_ID, PRODUCTO_ID, CANTIDAD) VALUES (4, 1, 20, 1);
INSERT INTO detallescompras(DETALLE_ID, COMPRA_ID, PRODUCTO_ID, CANTIDAD) VALUES (5, 2, 28, 1);
INSERT INTO detallescompras(DETALLE_ID, COMPRA_ID, PRODUCTO_ID, CANTIDAD) VALUES (6, 2, 30, 1);
INSERT INTO detallescompras(DETALLE_ID, COMPRA_ID, PRODUCTO_ID, CANTIDAD) VALUES (7, 3, 1, 1);
INSERT INTO detallescompras(DETALLE_ID, COMPRA_ID, PRODUCTO_ID, CANTIDAD) VALUES (8, 3, 12, 1);
INSERT INTO detallescompras(DETALLE_ID, COMPRA_ID, PRODUCTO_ID, CANTIDAD) VALUES (9, 3, 15, 2);
INSERT INTO detallescompras(DETALLE_ID, COMPRA_ID, PRODUCTO_ID, CANTIDAD) VALUES (10, 3, 27, 1);
INSERT INTO detallescompras(DETALLE_ID, COMPRA_ID, PRODUCTO_ID, CANTIDAD) VALUES (11, 4, 12, 1);
INSERT INTO detallescompras(DETALLE_ID, COMPRA_ID, PRODUCTO_ID, CANTIDAD) VALUES (12, 4, 16, 1);
INSERT INTO detallescompras(DETALLE_ID, COMPRA_ID, PRODUCTO_ID, CANTIDAD) VALUES (13, 4, 18, 1);
INSERT INTO detallescompras(DETALLE_ID, COMPRA_ID, PRODUCTO_ID, CANTIDAD) VALUES (14, 4, 19, 1);
INSERT INTO detallescompras(DETALLE_ID, COMPRA_ID, PRODUCTO_ID, CANTIDAD) VALUES (15, 5, 1, 2);
INSERT INTO detallescompras(DETALLE_ID, COMPRA_ID, PRODUCTO_ID, CANTIDAD) VALUES (16, 5, 3, 1);
INSERT INTO detallescompras(DETALLE_ID, COMPRA_ID, PRODUCTO_ID, CANTIDAD) VALUES (17, 5, 8, 1);
INSERT INTO detallescompras(DETALLE_ID, COMPRA_ID, PRODUCTO_ID, CANTIDAD) VALUES (18, 5, 11, 1);
INSERT INTO detallescompras(DETALLE_ID, COMPRA_ID, PRODUCTO_ID, CANTIDAD) VALUES (19, 6, 2, 1);
INSERT INTO detallescompras(DETALLE_ID, COMPRA_ID, PRODUCTO_ID, CANTIDAD) VALUES (20, 6, 5, 1);
INSERT INTO detallescompras(DETALLE_ID, COMPRA_ID, PRODUCTO_ID, CANTIDAD) VALUES (21, 6, 4, 1);
INSERT INTO detallescompras(DETALLE_ID, COMPRA_ID, PRODUCTO_ID, CANTIDAD) VALUES (22, 6, 16, 1);
INSERT INTO detallescompras(DETALLE_ID, COMPRA_ID, PRODUCTO_ID, CANTIDAD) VALUES (23, 6, 24, 5);
INSERT INTO detallescompras(DETALLE_ID, COMPRA_ID, PRODUCTO_ID, CANTIDAD) VALUES (24, 6, 23, 1);
INSERT INTO detallescompras(DETALLE_ID, COMPRA_ID, PRODUCTO_ID, CANTIDAD) VALUES (25, 7, 15, 1);
INSERT INTO detallescompras(DETALLE_ID, COMPRA_ID, PRODUCTO_ID, CANTIDAD) VALUES (26, 7, 24, 1);
INSERT INTO detallescompras(DETALLE_ID, COMPRA_ID, PRODUCTO_ID, CANTIDAD) VALUES (27, 8, 16, 3);
INSERT INTO detallescompras(DETALLE_ID, COMPRA_ID, PRODUCTO_ID, CANTIDAD) VALUES (28, 8, 30, 1);
INSERT INTO detallescompras(DETALLE_ID, COMPRA_ID, PRODUCTO_ID, CANTIDAD) VALUES (29, 8, 9, 1);
INSERT INTO detallescompras(DETALLE_ID, COMPRA_ID, PRODUCTO_ID, CANTIDAD) VALUES (30, 9, 5, 2);
INSERT INTO detallescompras(DETALLE_ID, COMPRA_ID, PRODUCTO_ID, CANTIDAD) VALUES (31, 9, 9, 1);
INSERT INTO detallescompras(DETALLE_ID, COMPRA_ID, PRODUCTO_ID, CANTIDAD) VALUES (32, 10, 4, 1);
INSERT INTO detallescompras(DETALLE_ID, COMPRA_ID, PRODUCTO_ID, CANTIDAD) VALUES (33, 10, 9, 2);
INSERT INTO detallescompras(DETALLE_ID, COMPRA_ID, PRODUCTO_ID, CANTIDAD) VALUES (34, 10, 16, 3);
INSERT INTO detallescompras(DETALLE_ID, COMPRA_ID, PRODUCTO_ID, CANTIDAD) VALUES (35, 10, 27, 1);


-- ----------------------- Tabla LocalesProductos ------------------------
INSERT INTO localesproductos(LOCPROD_ID, LOCAL_ID, PRODUCTO_ID, STOCK) VALUES (1, 1, 1, 5);
INSERT INTO localesproductos(LOCPROD_ID, LOCAL_ID, PRODUCTO_ID, STOCK) VALUES (2, 2, 1, 9);
INSERT INTO localesproductos(LOCPROD_ID, LOCAL_ID, PRODUCTO_ID, STOCK) VALUES (3, 3, 1, 4);
INSERT INTO localesproductos(LOCPROD_ID, LOCAL_ID, PRODUCTO_ID, STOCK) VALUES (4, 4, 2, 10);
INSERT INTO localesproductos(LOCPROD_ID, LOCAL_ID, PRODUCTO_ID, STOCK) VALUES (5, 5, 2, 15);
INSERT INTO localesproductos(LOCPROD_ID, LOCAL_ID, PRODUCTO_ID, STOCK) VALUES (6, 2, 3, 14);
INSERT INTO localesproductos(LOCPROD_ID, LOCAL_ID, PRODUCTO_ID, STOCK) VALUES (7, 4, 3, 11);
INSERT INTO localesproductos(LOCPROD_ID, LOCAL_ID, PRODUCTO_ID, STOCK) VALUES (8, 5, 3, 6);
INSERT INTO localesproductos(LOCPROD_ID, LOCAL_ID, PRODUCTO_ID, STOCK) VALUES (9, 1, 4, 8);
INSERT INTO localesproductos(LOCPROD_ID, LOCAL_ID, PRODUCTO_ID, STOCK) VALUES (10, 5, 4, 5);
INSERT INTO localesproductos(LOCPROD_ID, LOCAL_ID, PRODUCTO_ID, STOCK) VALUES (11, 1, 5, 9);
INSERT INTO localesproductos(LOCPROD_ID, LOCAL_ID, PRODUCTO_ID, STOCK) VALUES (12, 2, 5, 4);
INSERT INTO localesproductos(LOCPROD_ID, LOCAL_ID, PRODUCTO_ID, STOCK) VALUES (13, 3, 5, 2);
INSERT INTO localesproductos(LOCPROD_ID, LOCAL_ID, PRODUCTO_ID, STOCK) VALUES (14, 4, 5, 3);
INSERT INTO localesproductos(LOCPROD_ID, LOCAL_ID, PRODUCTO_ID, STOCK) VALUES (15, 5, 5, 16);
INSERT INTO localesproductos(LOCPROD_ID, LOCAL_ID, PRODUCTO_ID, STOCK) VALUES (16, 3, 6, 8);
INSERT INTO localesproductos(LOCPROD_ID, LOCAL_ID, PRODUCTO_ID, STOCK) VALUES (17, 5, 6, 2);
INSERT INTO localesproductos(LOCPROD_ID, LOCAL_ID, PRODUCTO_ID, STOCK) VALUES (18, 1, 7, 4);
INSERT INTO localesproductos(LOCPROD_ID, LOCAL_ID, PRODUCTO_ID, STOCK) VALUES (19, 3, 7, 9);
INSERT INTO localesproductos(LOCPROD_ID, LOCAL_ID, PRODUCTO_ID, STOCK) VALUES (20, 1, 8, 5);
INSERT INTO localesproductos(LOCPROD_ID, LOCAL_ID, PRODUCTO_ID, STOCK) VALUES (21, 2, 8, 1);
INSERT INTO localesproductos(LOCPROD_ID, LOCAL_ID, PRODUCTO_ID, STOCK) VALUES (22, 3, 8, 8);
INSERT INTO localesproductos(LOCPROD_ID, LOCAL_ID, PRODUCTO_ID, STOCK) VALUES (23, 4, 8, 10);
INSERT INTO localesproductos(LOCPROD_ID, LOCAL_ID, PRODUCTO_ID, STOCK) VALUES (24, 3, 9, 5);
INSERT INTO localesproductos(LOCPROD_ID, LOCAL_ID, PRODUCTO_ID, STOCK) VALUES (25, 4, 9, 6);
INSERT INTO localesproductos(LOCPROD_ID, LOCAL_ID, PRODUCTO_ID, STOCK) VALUES (26, 5, 9, 8);
INSERT INTO localesproductos(LOCPROD_ID, LOCAL_ID, PRODUCTO_ID, STOCK) VALUES (27, 1, 10, 5);
INSERT INTO localesproductos(LOCPROD_ID, LOCAL_ID, PRODUCTO_ID, STOCK) VALUES (28, 2, 10, 9);
INSERT INTO localesproductos(LOCPROD_ID, LOCAL_ID, PRODUCTO_ID, STOCK) VALUES (29, 1, 11, 1);
INSERT INTO localesproductos(LOCPROD_ID, LOCAL_ID, PRODUCTO_ID, STOCK) VALUES (30, 2, 11, 12);
INSERT INTO localesproductos(LOCPROD_ID, LOCAL_ID, PRODUCTO_ID, STOCK) VALUES (31, 3, 11, 5);
INSERT INTO localesproductos(LOCPROD_ID, LOCAL_ID, PRODUCTO_ID, STOCK) VALUES (32, 4, 11, 9);
INSERT INTO localesproductos(LOCPROD_ID, LOCAL_ID, PRODUCTO_ID, STOCK) VALUES (33, 5, 11, 8);
INSERT INTO localesproductos(LOCPROD_ID, LOCAL_ID, PRODUCTO_ID, STOCK) VALUES (34, 1, 12, 4);
INSERT INTO localesproductos(LOCPROD_ID, LOCAL_ID, PRODUCTO_ID, STOCK) VALUES (35, 4, 13, 6);
INSERT INTO localesproductos(LOCPROD_ID, LOCAL_ID, PRODUCTO_ID, STOCK) VALUES (36, 5, 13, 2);
INSERT INTO localesproductos(LOCPROD_ID, LOCAL_ID, PRODUCTO_ID, STOCK) VALUES (37, 1, 14, 3);
INSERT INTO localesproductos(LOCPROD_ID, LOCAL_ID, PRODUCTO_ID, STOCK) VALUES (38, 2, 14, 5);
INSERT INTO localesproductos(LOCPROD_ID, LOCAL_ID, PRODUCTO_ID, STOCK) VALUES (39, 3, 14, 8);
INSERT INTO localesproductos(LOCPROD_ID, LOCAL_ID, PRODUCTO_ID, STOCK) VALUES (40, 2, 15, 13);
INSERT INTO localesproductos(LOCPROD_ID, LOCAL_ID, PRODUCTO_ID, STOCK) VALUES (41, 5, 15, 4);
INSERT INTO localesproductos(LOCPROD_ID, LOCAL_ID, PRODUCTO_ID, STOCK) VALUES (42, 1, 16, 16);
INSERT INTO localesproductos(LOCPROD_ID, LOCAL_ID, PRODUCTO_ID, STOCK) VALUES (43, 2, 16, 5);
INSERT INTO localesproductos(LOCPROD_ID, LOCAL_ID, PRODUCTO_ID, STOCK) VALUES (44, 5, 16, 9);
INSERT INTO localesproductos(LOCPROD_ID, LOCAL_ID, PRODUCTO_ID, STOCK) VALUES (45, 2, 17, 8);
INSERT INTO localesproductos(LOCPROD_ID, LOCAL_ID, PRODUCTO_ID, STOCK) VALUES (46, 3, 17, 7);
INSERT INTO localesproductos(LOCPROD_ID, LOCAL_ID, PRODUCTO_ID, STOCK) VALUES (47, 4, 17, 6);
INSERT INTO localesproductos(LOCPROD_ID, LOCAL_ID, PRODUCTO_ID, STOCK) VALUES (48, 5, 17, 5);
INSERT INTO localesproductos(LOCPROD_ID, LOCAL_ID, PRODUCTO_ID, STOCK) VALUES (49, 1, 18, 6);
INSERT INTO localesproductos(LOCPROD_ID, LOCAL_ID, PRODUCTO_ID, STOCK) VALUES (50, 5, 18, 4);
INSERT INTO localesproductos(LOCPROD_ID, LOCAL_ID, PRODUCTO_ID, STOCK) VALUES (51, 1, 19, 12);
INSERT INTO localesproductos(LOCPROD_ID, LOCAL_ID, PRODUCTO_ID, STOCK) VALUES (52, 2, 19, 11);
INSERT INTO localesproductos(LOCPROD_ID, LOCAL_ID, PRODUCTO_ID, STOCK) VALUES (53, 3, 19, 5);
INSERT INTO localesproductos(LOCPROD_ID, LOCAL_ID, PRODUCTO_ID, STOCK) VALUES (54, 4, 19, 6);
INSERT INTO localesproductos(LOCPROD_ID, LOCAL_ID, PRODUCTO_ID, STOCK) VALUES (55, 1, 20, 8);
INSERT INTO localesproductos(LOCPROD_ID, LOCAL_ID, PRODUCTO_ID, STOCK) VALUES (56, 5, 21, 1);
INSERT INTO localesproductos(LOCPROD_ID, LOCAL_ID, PRODUCTO_ID, STOCK) VALUES (57, 1, 22, 4);
INSERT INTO localesproductos(LOCPROD_ID, LOCAL_ID, PRODUCTO_ID, STOCK) VALUES (58, 2, 22, 9);
INSERT INTO localesproductos(LOCPROD_ID, LOCAL_ID, PRODUCTO_ID, STOCK) VALUES (59, 3, 22, 5);
INSERT INTO localesproductos(LOCPROD_ID, LOCAL_ID, PRODUCTO_ID, STOCK) VALUES (60, 2, 23, 7);
INSERT INTO localesproductos(LOCPROD_ID, LOCAL_ID, PRODUCTO_ID, STOCK) VALUES (61, 4, 23, 8);
INSERT INTO localesproductos(LOCPROD_ID, LOCAL_ID, PRODUCTO_ID, STOCK) VALUES (62, 5, 23, 6);
INSERT INTO localesproductos(LOCPROD_ID, LOCAL_ID, PRODUCTO_ID, STOCK) VALUES (63, 1, 24, 5);
INSERT INTO localesproductos(LOCPROD_ID, LOCAL_ID, PRODUCTO_ID, STOCK) VALUES (64, 2, 24, 3);
INSERT INTO localesproductos(LOCPROD_ID, LOCAL_ID, PRODUCTO_ID, STOCK) VALUES (65, 4, 24, 11);
INSERT INTO localesproductos(LOCPROD_ID, LOCAL_ID, PRODUCTO_ID, STOCK) VALUES (66, 3, 25, 13);
INSERT INTO localesproductos(LOCPROD_ID, LOCAL_ID, PRODUCTO_ID, STOCK) VALUES (67, 4, 25, 8);
INSERT INTO localesproductos(LOCPROD_ID, LOCAL_ID, PRODUCTO_ID, STOCK) VALUES (68, 1, 26, 4);
INSERT INTO localesproductos(LOCPROD_ID, LOCAL_ID, PRODUCTO_ID, STOCK) VALUES (69, 2, 26, 9);
INSERT INTO localesproductos(LOCPROD_ID, LOCAL_ID, PRODUCTO_ID, STOCK) VALUES (70, 5, 26, 7);
INSERT INTO localesproductos(LOCPROD_ID, LOCAL_ID, PRODUCTO_ID, STOCK) VALUES (71, 2, 27, 6);
INSERT INTO localesproductos(LOCPROD_ID, LOCAL_ID, PRODUCTO_ID, STOCK) VALUES (72, 3, 27, 5);
INSERT INTO localesproductos(LOCPROD_ID, LOCAL_ID, PRODUCTO_ID, STOCK) VALUES (73, 4, 27, 15);
INSERT INTO localesproductos(LOCPROD_ID, LOCAL_ID, PRODUCTO_ID, STOCK) VALUES (74, 5, 27, 2);
INSERT INTO localesproductos(LOCPROD_ID, LOCAL_ID, PRODUCTO_ID, STOCK) VALUES (75, 4, 28, 8);
INSERT INTO localesproductos(LOCPROD_ID, LOCAL_ID, PRODUCTO_ID, STOCK) VALUES (76, 3, 29, 5);
INSERT INTO localesproductos(LOCPROD_ID, LOCAL_ID, PRODUCTO_ID, STOCK) VALUES (77, 1, 30, 1);
INSERT INTO localesproductos(LOCPROD_ID, LOCAL_ID, PRODUCTO_ID, STOCK) VALUES (78, 2, 30, 2);
INSERT INTO localesproductos(LOCPROD_ID, LOCAL_ID, PRODUCTO_ID, STOCK) VALUES (79, 3, 30, 9);



